<?xml version="1.0" encoding="UTF-8"?>
<project-private xmlns="http://www.netbeans.org/ns/project-private/1">
    <editor-bookmarks xmlns="http://www.netbeans.org/ns/editor-bookmarks/2" lastBookmarkId="0"/>
    <open-files xmlns="http://www.netbeans.org/ns/projectui-open-files/2">
        <group>
            <file>file:/C:/Users/jobog/OneDrive/Escritorio/La%20Mía%20Tacos%20-%20Project/LaMiaTacos-Administrador/src/java/javaConnection/lamiatacosBD.java</file>
            <file>file:/C:/Users/jobog/OneDrive/Escritorio/La%20Mía%20Tacos%20-%20Project/LaMiaTacos-Administrador/web/index.jsp</file>
            <file>file:/C:/Users/jobog/OneDrive/Escritorio/La%20Mía%20Tacos%20-%20Project/LaMiaTacos-Administrador/web/holaprueba.html</file>
            <file>file:/C:/Users/jobog/OneDrive/Escritorio/La%20Mía%20Tacos%20-%20Project/LaMiaTacos-Administrador/src/java/servlets/LoginServlet.java</file>
            <file>file:/C:/Users/jobog/OneDrive/Escritorio/La%20Mía%20Tacos%20-%20Project/LaMiaTacos-Administrador/web/registrar.jsp</file>
        </group>
    </open-files>
</project-private>
